year,month,temperature,humidity,precipitation
2005,1,13.874193548387098,63.225806451612904,0.8
2005,2,15.657142857142857,77.78571428571429,2.3964285714285714
2005,3,17.23225806451613,76.45161290322581,5.683870967741935
2005,4,22.84333333333333,82.96666666666667,6.366666666666666
2005,5,26.62258064516129,85.90322580645162,12.103225806451613
2005,6,26.86,88.8,20.006666666666668
2005,7,28.47741935483871,81.38709677419355,4.945161290322581
2005,8,27.583870967741937,85.25806451612904,8.3
2005,9,27.33,81.4,4.823333333333333
2005,10,24.9,68.09677419354838,0.02258064516129032
2005,11,21.596666666666668,68.53333333333333,0.45666666666666667
2005,12,14.890322580645162,48.54838709677419,0.2967741935483871
2006,1,15.603225806451613,68.03225806451613,0.6935483870967742
2006,2,17.489285714285714,68.17857142857143,1.8642857142857143
2006,3,18.23225806451613,80.16129032258064,4.725806451612903
2006,4,23.540000000000003,82.26666666666667,5.36
2006,5,24.85483870967742,83.35483870967742,17.264516129032256
2006,6,27.196666666666665,87.13333333333334,13.033333333333333
2006,7,28.55483870967742,84.74193548387096,9.648387096774194
2006,8,27.838709677419356,84.70967741935483,9.083870967741936
2006,9,25.823333333333334,79.4,3.4766666666666666
2006,10,25.85483870967742,75.19354838709677,0.8870967741935484
2006,11,21.586666666666666,68.9,2.8433333333333333
2006,12,15.109677419354838,63.67741935483871,0.6645161290322581
2007,1,13.793548387096775,61.12903225806452,0.5645161290322581
2007,2,19.082142857142856,73.5,1.792857142857143
2007,3,19.458064516129035,81.29032258064517,3.129032258064516
2007,4,21.25,79.13333333333334,6.053333333333333
2007,5,25.93548387096774,80.87096774193549,10.183870967741935
2007,6,27.683333333333334,86.83333333333333,14.129999999999999
2007,7,29.04516129032258,80.61290322580645,2.5548387096774197
2007,8,28.151612903225807,83.25806451612904,7.280645161290322
2007,9,26.93,77.03333333333333,3.6566666666666667
2007,10,24.887096774193548,66.6774193548387,2.1387096774193552
2007,11,19.10666666666667,57.733333333333334,0.5
2007,12,17.470967741935485,65.7741935483871,0.8903225806451613
2008,1,13.106451612903227,66.16129032258064,2.5387096774193543
2008,2,11.696551724137931,64.44827586206897,1.3793103448275863
2008,3,20.074193548387097,72.70967741935483,2.116129032258064
2008,4,23.296666666666667,81.2,6.9
2008,5,25.274193548387096,82.7741935483871,7.33225806451613
2008,6,26.553333333333335,88.7,30.029999999999998
2008,7,28.18064516129032,83.0,6.909677419354838
2008,8,27.958064516129035,82.70967741935483,5.319354838709677
2008,9,27.94,79.16666666666667,4.069999999999999
2008,10,25.403225806451612,77.12903225806451,3.970967741935484
2008,11,19.58,59.9,0.7033333333333333
2008,12,15.432258064516128,56.16129032258065,0.29354838709677417
2009,1,12.864516129032259,54.096774193548384,0.33225806451612905
2009,2,21.410714285714285,74.60714285714286,0.3
2009,3,19.02258064516129,78.80645161290323,6.641935483870968
2009,4,22.166666666666668,77.6,4.126666666666667
2009,5,25.006451612903227,79.93548387096774,8.448387096774194
2009,6,27.376666666666665,84.76666666666667,11.103333333333333
2009,7,28.448387096774194,83.25806451612904,6.819354838709677
2009,8,28.925806451612903,83.03225806451613,4.567741935483871
2009,9,28.33,79.06666666666666,4.303333333333333
2009,10,25.261290322580646,67.74193548387096,0.18064516129032257
2009,11,17.56,67.3,2.3633333333333337
2009,12,15.261290322580646,71.12903225806451,1.9806451612903229
2010,1,14.96774193548387,78.7741935483871,2.712903225806452
2010,2,17.157142857142855,83.03571428571429,3.1607142857142856
2010,3,19.65806451612903,76.19354838709677,2.2548387096774194
2010,4,21.02,83.9,8.156666666666666
2010,5,25.63225806451613,85.6774193548387,11.274193548387096
2010,6,26.503333333333334,86.56666666666666,14.103333333333332
2010,7,28.664516129032258,82.7741935483871,5.964516129032258
2010,8,28.258064516129032,83.70967741935483,5.609677419354839
2010,9,27.40666666666667,85.1,12.453333333333335
2010,10,23.229032258064517,69.61290322580645,1.670967741935484
2010,11,19.636666666666667,64.3,0.030000000000000002
2010,12,15.47741935483871,63.70967741935484,0.667741935483871
2011,1,10.254838709677419,56.96774193548387,0.6161290322580646
2011,2,15.475,73.0,1.6785714285714286
2011,3,16.845161290322583,65.0,1.103225806451613
2011,4,23.336666666666666,72.16666666666667,4.326666666666667
2011,5,24.896774193548385,81.80645161290323,6.367741935483871
2011,6,28.083333333333332,83.06666666666666,8.833333333333334
2011,7,28.25483870967742,84.03225806451613,10.46774193548387
2011,8,28.770967741935483,79.03225806451613,2.235483870967742
2011,9,27.223333333333336,75.13333333333334,3.3399999999999994
2011,10,23.370967741935484,74.0,6.903225806451613
2011,11,21.553333333333335,74.26666666666667,2.966666666666667
2011,12,14.3,50.354838709677416,0.012903225806451613
2012,1,12.37741935483871,75.03225806451613,2.596774193548387
2012,2,14.43448275862069,78.86206896551724,3.527586206896552
2012,3,18.703225806451613,81.09677419354838,2.638709677419355
2012,4,23.616666666666667,86.3,15.983333333333333
2012,5,26.612903225806452,85.54838709677419,8.37741935483871
2012,6,27.576666666666664,84.73333333333333,10.483333333333333
2012,7,28.006451612903227,84.45161290322581,9.009677419354839
2012,8,28.574193548387097,81.90322580645162,4.04516129032258
2012,9,26.43,77.33333333333333,3.6
2012,10,24.448387096774194,71.7741935483871,3.0548387096774197
2012,11,19.740000000000002,78.1,6.12
2012,12,14.848387096774195,76.12903225806451,2.47741935483871
2013,1,13.983870967741936,71.0,0.2129032258064516
2013,2,17.860714285714288,76.25,0.9535714285714285
2013,3,20.47741935483871,77.96774193548387,8.109677419354838
2013,4,21.740000000000002,84.1,9.610000000000001
2013,5,25.509677419354837,87.03225806451613,14.038709677419355
2013,6,27.623333333333335,84.4,9.766666666666667
2013,7,27.370967741935484,86.09677419354838,7.861290322580646
2013,8,27.748387096774195,86.54838709677419,13.03225806451613
2013,9,26.776666666666664,81.1,7.386666666666667
2013,10,24.0258064516129,63.354838709677416,0.05806451612903226
2013,11,19.73,66.43333333333334,2.17
2013,12,12.72258064516129,60.064516129032256,4.387096774193548
2014,1,14.319354838709677,63.61290322580645,0.0967741935483871
2014,2,14.049999999999999,74.57142857142857,1.8357142857142856
2014,3,18.64516129032258,80.3225806451613,7.132258064516129
2014,4,23.316666666666666,82.26666666666667,5.303333333333333
2014,5,25.66774193548387,88.29032258064517,17.01290322580645
2014,6,28.55,84.16666666666667,9.389999999999999
2014,7,28.951612903225808,83.06451612903226,4.996774193548387
2014,8,28.396774193548385,84.61290322580645,7.390322580645161
2014,9,27.863333333333333,81.5,3.1033333333333335
2014,10,25.01290322580645,68.16129032258064,0.21935483870967742
2014,11,20.88,73.06666666666666,1.47
2014,12,13.496774193548386,58.193548387096776,1.1838709677419357
2015,1,14.648387096774194,68.03225806451613,1.9161290322580644
2015,2,17.467857142857145,72.53571428571429,1.5392857142857144
2015,3,19.858064516129033,80.96774193548387,2.203225806451613
2015,4,22.85,76.63333333333334,3.433333333333333
2015,5,26.070967741935487,89.74193548387096,24.067741935483873
2015,6,28.576666666666664,84.5,8.423333333333334
2015,7,28.19677419354839,82.61290322580645,9.887096774193548
2015,8,28.4,82.54838709677419,8.438709677419354
2015,9,27.246666666666666,82.96666666666667,4.24
2015,10,24.17096774193548,77.54838709677419,3.6129032258064515
2015,11,21.60666666666667,74.53333333333333,0.9
2015,12,15.216129032258063,74.51612903225806,5.62258064516129
2016,1,13.864516129032259,78.35483870967742,9.729032258064517
2016,2,13.46206896551724,70.24137931034483,1.3896551724137933
2016,3,17.42258064516129,82.09677419354838,6.964516129032258
2016,4,24.376666666666665,86.9,12.926666666666668
2016,5,26.206451612903226,83.51612903225806,8.329032258064515
2016,6,28.13,86.46666666666667,12.263333333333332
2016,7,28.96451612903226,83.3225806451613,7.34516129032258
2016,8,28.22258064516129,84.93548387096774,13.399999999999999
2016,9,27.086666666666666,80.6,4.843333333333334
2016,10,25.461290322580645,78.83870967741936,5.203225806451612
2016,11,19.563333333333333,78.43333333333334,2.32
2016,12,16.858064516129033,67.87096774193549,0.17419354838709675
2017,1,16.493548387096773,72.2258064516129,0.9451612903225806
2017,2,15.87142857142857,68.96428571428571,1.6535714285714285
2017,3,18.822580645161292,78.29032258064517,3.6225806451612907
2017,4,22.46333333333333,78.33333333333333,7.45
2017,5,25.580645161290324,81.19354838709677,8.97741935483871
2017,6,28.1,85.4,12.126666666666667
2017,7,27.874193548387098,85.51612903225806,12.245161290322581
2017,8,28.774193548387096,83.54838709677419,8.616129032258065
2017,9,28.23,84.26666666666667,7.213333333333334
2017,10,24.241935483870968,70.6774193548387,2.735483870967742
2017,11,19.616666666666667,72.16666666666667,1.3233333333333335
2017,12,15.154838709677419,56.29032258064516,0.11290322580645161
2018,1,14.316129032258065,69.06451612903226,2.254838709677419
2018,2,14.810714285714285,65.17857142857143,0.29642857142857143
2018,3,20.116129032258065,74.87096774193549,2.064516129032258
2018,4,22.683333333333334,75.96666666666667,1.8166666666666667
2018,5,27.39032258064516,81.41935483870968,7.429032258064517
2018,6,27.65666666666667,83.53333333333333,17.976666666666667
2018,7,28.4,84.6774193548387,6.948387096774193
2018,8,27.91290322580645,87.16129032258064,17.848387096774193
2018,9,27.06,81.23333333333333,8.903333333333334
2018,10,23.048387096774192,70.45161290322581,1.4096774193548387
2018,11,20.816666666666666,75.96666666666667,1.3599999999999999
2018,12,15.63225806451613,73.48387096774194,1.0193548387096774
2019,1,15.33548387096774,70.93548387096774,0.4129032258064516
2019,2,18.389285714285712,81.89285714285714,5.989285714285714
2019,3,19.835483870967742,82.06451612903226,7.938709677419355
2019,4,24.13,85.2,12.516666666666667
2019,5,25.19677419354839,85.3225806451613,10.76774193548387
2019,6,28.206666666666667,85.4,10.56
2019,7,28.816129032258065,85.03225806451613,8.358064516129033
2019,8,28.700000000000003,85.58064516129032,14.745161290322581
2019,9,27.293333333333333,75.5,5.786666666666666
2019,10,25.770967741935483,65.96774193548387,0.7516129032258064
2019,11,21.583333333333332,56.3,0.006666666666666667
2019,12,17.393548387096775,56.74193548387097,0.2516129032258065
